,antecedents,consequents,antecedent support,consequent support,support,confidence,lift,representativity,leverage,conviction,zhangs_metric,jaccard,certainty,kulczynski
5,frozenset({'电子产品'}),frozenset({'食品'}),0.5521024363083576,0.5521051024856326,0.27655101530252446,0.5009052616244325,0.907264322262748,1.0,-0.02826755687806881,0.8974145849987456,-0.18580686421529075,0.3341374198754516,-0.11431217713204188,0.5009040521606734
4,frozenset({'食品'}),frozenset({'电子产品'}),0.5521051024856326,0.5521024363083576,0.27655101530252446,0.5009028426969141,0.907264322262748,1.0,-0.02826755687806881,0.8974155775839219,-0.18580776475240804,0.3341374198754516,-0.11431094464870142,0.5009040521606734
3,frozenset({'服装'}),frozenset({'电子产品'}),0.5554931472578589,0.5521024363083576,0.27797475396738286,0.5004107707531223,0.9063730529775009,1.0,-0.028714365986278356,0.896531665358039,-0.18856784223250572,0.3350624092958209,-0.11540957072680735,0.5019473952706541
2,frozenset({'电子产品'}),frozenset({'服装'}),0.5521024363083576,0.5554931472578589,0.27797475396738286,0.503484019788186,0.9063730529775008,1.0,-0.028714365986278356,0.8952518558466421,-0.18740785737843127,0.3350624092958209,-0.11700410724566142,0.5019473952706541
